,im_loc,mos
0,IS1/co1/IS_I_C01_D01.jpg,3.343643034
1,IS1/co1/IS_I_C01_D02.jpg,71.18189021
2,IS1/co1/IS_I_C01_D03.jpg,45.58109476
3,IS1/co1/IS_I_C01_D04.jpg,3.604864386
4,IS1/co1/IS_I_C01_D05.jpg,25.25235422
5,IS1/co1/IS_I_C01_D06.jpg,20.30793254
6,IS1/co1/IS_I_C01_D07.jpg,9.889646554
7,IS1/co1/IS_I_C01_D08.jpg,49.06336658
8,IS1/co1/IS_I_C01_D09.jpg,47.85276343
9,IS1/co1/IS_I_C01_D10.jpg,52.17615245
10,IS1/co1/IS_I_C01_D11.jpg,73.56512845
11,IS1/co1/IS_I_C01_D12.jpg,25.24092771
12,IS1/co1/IS_I_C01_D13.jpg,60.68212088
13,IS1/co1/IS_I_C01_D14.jpg,55.71241106
14,IS1/co2/IS_I_C02_D01.jpg,28.59633001
15,IS1/co2/IS_I_C02_D02.jpg,58.04065719
16,IS1/co2/IS_I_C02_D03.jpg,28.18094044
17,IS1/co2/IS_I_C02_D04.jpg,28.05101178
18,IS1/co2/IS_I_C02_D05.jpg,29.10891585
19,IS1/co2/IS_I_C02_D06.jpg,18.55251126
20,IS1/co2/IS_I_C02_D07.jpg,26.32279986
21,IS1/co2/IS_I_C02_D08.jpg,43.66863931
22,IS1/co2/IS_I_C02_D09.jpg,53.45228936
23,IS1/co2/IS_I_C02_D10.jpg,42.3706072
24,IS1/co2/IS_I_C02_D11.jpg,54.4059477
25,IS1/co2/IS_I_C02_D12.jpg,20.73703302
26,IS1/co2/IS_I_C02_D13.jpg,52.84545597
27,IS1/co2/IS_I_C02_D14.jpg,44.57504877
28,IS1/co3/IS_I_C03_D01.jpg,16.52776728
29,IS1/co3/IS_I_C03_D02.jpg,50.86401559
30,IS1/co3/IS_I_C03_D03.jpg,19.7063506
31,IS1/co3/IS_I_C03_D04.jpg,7.370528872
32,IS1/co3/IS_I_C03_D05.jpg,12.77132384
33,IS1/co3/IS_I_C03_D06.jpg,2.722065383
34,IS1/co3/IS_I_C03_D07.jpg,12.85490342
35,IS1/co3/IS_I_C03_D08.jpg,24.02807585
36,IS1/co3/IS_I_C03_D09.jpg,48.29078089
37,IS1/co3/IS_I_C03_D10.jpg,29.64787572
38,IS1/co3/IS_I_C03_D11.jpg,39.22341863
39,IS1/co3/IS_I_C03_D12.jpg,4.639709746
40,IS1/co3/IS_I_C03_D13.jpg,45.68298428
41,IS1/co3/IS_I_C03_D14.jpg,35.8852132
42,IS1/co4/IS_I_C04_D01.jpg,63.65760243
43,IS1/co4/IS_I_C04_D02.jpg,75.2249339
44,IS1/co4/IS_I_C04_D03.jpg,74.35495571
45,IS1/co4/IS_I_C04_D04.jpg,61.84010447
46,IS1/co4/IS_I_C04_D05.jpg,64.76028257
47,IS1/co4/IS_I_C04_D06.jpg,54.31216804
48,IS1/co4/IS_I_C04_D07.jpg,59.85379268
49,IS1/co4/IS_I_C04_D08.jpg,76.50806888
50,IS1/co4/IS_I_C04_D09.jpg,66.98072435
51,IS1/co4/IS_I_C04_D10.jpg,76.65639197
52,IS1/co4/IS_I_C04_D11.jpg,82.99267556
53,IS1/co4/IS_I_C04_D12.jpg,65.27223821
54,IS1/co4/IS_I_C04_D13.jpg,77.90552702
55,IS1/co4/IS_I_C04_D14.jpg,71.3586729
56,IS1/co5/IS_I_C05_D01.jpg,41.81645053
57,IS1/co5/IS_I_C05_D02.jpg,68.24542979
58,IS1/co5/IS_I_C05_D03.jpg,57.51182382
59,IS1/co5/IS_I_C05_D04.jpg,31.03066132
60,IS1/co5/IS_I_C05_D05.jpg,56.58381783
61,IS1/co5/IS_I_C05_D06.jpg,44.83141319
62,IS1/co5/IS_I_C05_D07.jpg,47.02688358
63,IS1/co5/IS_I_C05_D08.jpg,68.60369684
64,IS1/co5/IS_I_C05_D09.jpg,73.28348448
65,IS1/co5/IS_I_C05_D10.jpg,66.23942871
66,IS1/co5/IS_I_C05_D11.jpg,61.29534558
67,IS1/co5/IS_I_C05_D12.jpg,52.49314477
68,IS1/co5/IS_I_C05_D13.jpg,79.88487362
69,IS1/co5/IS_I_C05_D14.jpg,64.88455579
70,IS1/co6/IS_I_C06_D01.jpg,33.59227263
71,IS1/co6/IS_I_C06_D02.jpg,59.80910758
72,IS1/co6/IS_I_C06_D03.jpg,39.70905465
73,IS1/co6/IS_I_C06_D04.jpg,28.53591885
74,IS1/co6/IS_I_C06_D05.jpg,50.46439414
75,IS1/co6/IS_I_C06_D06.jpg,74.5770923
76,IS1/co6/IS_I_C06_D07.jpg,50.84793763
77,IS1/co6/IS_I_C06_D08.jpg,80.79247559
78,IS1/co6/IS_I_C06_D09.jpg,82.4918156
79,IS1/co6/IS_I_C06_D10.jpg,78.42093454
80,IS1/co6/IS_I_C06_D11.jpg,75.44444733
81,IS1/co6/IS_I_C06_D12.jpg,45.57750125
82,IS1/co6/IS_I_C06_D13.jpg,72.88602416
83,IS1/co6/IS_I_C06_D14.jpg,58.21514856
84,IS2/co1/IS_II_C01_D01.jpg,1.242453923
85,IS2/co1/IS_II_C01_D02.jpg,65.74926188
86,IS2/co1/IS_II_C01_D03.jpg,53.54720135
87,IS2/co1/IS_II_C01_D04.jpg,10.90571071
88,IS2/co1/IS_II_C01_D05.jpg,22.22009335
89,IS2/co1/IS_II_C01_D06.jpg,56.4368953
90,IS2/co1/IS_II_C01_D07.jpg,71.01730683
91,IS2/co1/IS_II_C01_D08.jpg,53.02773606
92,IS2/co1/IS_II_C01_D09.jpg,49.28930647
93,IS2/co1/IS_II_C01_D10.jpg,16.69272215
94,IS2/co1/IS_II_C01_D11.jpg,60.97259107
95,IS2/co1/IS_II_C01_D12.jpg,41.42485557
96,IS2/co1/IS_II_C01_D13.jpg,14.17210298
97,IS2/co2/IS_II_C02_D01.jpg,16.53269459
98,IS2/co2/IS_II_C02_D02.jpg,50.48960517
99,IS2/co2/IS_II_C02_D03.jpg,45.59829298
100,IS2/co2/IS_II_C02_D04.jpg,13.43029816
101,IS2/co2/IS_II_C02_D05.jpg,32.1319752
102,IS2/co2/IS_II_C02_D06.jpg,52.63182394
103,IS2/co2/IS_II_C02_D07.jpg,42.35304776
104,IS2/co2/IS_II_C02_D08.jpg,46.44446907
105,IS2/co2/IS_II_C02_D09.jpg,28.56225186
106,IS2/co2/IS_II_C02_D10.jpg,23.94205563
107,IS2/co2/IS_II_C02_D11.jpg,43.69762055
108,IS2/co2/IS_II_C02_D12.jpg,25.63595836
109,IS2/co2/IS_II_C02_D13.jpg,37.73864484
110,IS2/co3/IS_II_C03_D01.jpg,11.01836027
111,IS2/co3/IS_II_C03_D02.jpg,46.66007243
112,IS2/co3/IS_II_C03_D03.jpg,24.38781819
113,IS2/co3/IS_II_C03_D04.jpg,0.662222222
114,IS2/co3/IS_II_C03_D05.jpg,8.112374737
115,IS2/co3/IS_II_C03_D06.jpg,42.81304808
116,IS2/co3/IS_II_C03_D07.jpg,40.62074307
117,IS2/co3/IS_II_C03_D08.jpg,19.24172955
118,IS2/co3/IS_II_C03_D09.jpg,25.4408856
119,IS2/co3/IS_II_C03_D10.jpg,3.691678576
120,IS2/co3/IS_II_C03_D11.jpg,40.21522662
121,IS2/co3/IS_II_C03_D12.jpg,16.19702926
122,IS2/co3/IS_II_C03_D13.jpg,31.66037364
123,IS2/co4/IS_II_C04_D01.jpg,58.09794655
124,IS2/co4/IS_II_C04_D02.jpg,67.64291499
125,IS2/co4/IS_II_C04_D03.jpg,75.72950716
126,IS2/co4/IS_II_C04_D04.jpg,48.80159293
127,IS2/co4/IS_II_C04_D05.jpg,61.41575829
128,IS2/co4/IS_II_C04_D06.jpg,68.93831033
129,IS2/co4/IS_II_C04_D07.jpg,74.26097679
130,IS2/co4/IS_II_C04_D08.jpg,71.829765
131,IS2/co4/IS_II_C04_D09.jpg,71.89731351
132,IS2/co4/IS_II_C04_D10.jpg,61.03612498
133,IS2/co4/IS_II_C04_D11.jpg,76.55881806
134,IS2/co4/IS_II_C04_D12.jpg,71.53743221
135,IS2/co4/IS_II_C04_D13.jpg,73.63021518
136,IS2/co5/IS_II_C05_D01.jpg,30.13264016
137,IS2/co5/IS_II_C05_D02.jpg,68.669203
138,IS2/co5/IS_II_C05_D03.jpg,47.00841372
139,IS2/co5/IS_II_C05_D04.jpg,47.21280732
140,IS2/co5/IS_II_C05_D05.jpg,54.86456855
141,IS2/co5/IS_II_C05_D06.jpg,76.90779261
142,IS2/co5/IS_II_C05_D07.jpg,66.13587347
143,IS2/co5/IS_II_C05_D08.jpg,72.15576822
144,IS2/co5/IS_II_C05_D09.jpg,65.6331017
145,IS2/co5/IS_II_C05_D10.jpg,32.07173237
146,IS2/co5/IS_II_C05_D11.jpg,69.64553865
147,IS2/co5/IS_II_C05_D12.jpg,55.11448319
148,IS2/co5/IS_II_C05_D13.jpg,48.00768862
149,IS2/co6/IS_II_C06_D01.jpg,31.32331384
150,IS2/co6/IS_II_C06_D02.jpg,79.37448433
151,IS2/co6/IS_II_C06_D03.jpg,58.01000375
152,IS2/co6/IS_II_C06_D04.jpg,41.89555736
153,IS2/co6/IS_II_C06_D05.jpg,40.64070945
154,IS2/co6/IS_II_C06_D06.jpg,71.28669012
155,IS2/co6/IS_II_C06_D07.jpg,82.40148744
156,IS2/co6/IS_II_C06_D08.jpg,71.88696117
157,IS2/co6/IS_II_C06_D09.jpg,57.85428883
158,IS2/co6/IS_II_C06_D10.jpg,39.27067029
159,IS2/co6/IS_II_C06_D11.jpg,73.16725292
160,IS2/co6/IS_II_C06_D12.jpg,62.95633072
161,IS2/co6/IS_II_C06_D13.jpg,61.89510527
162,IS3/co1/IS_III_C01_D01.jpg,74.00610362
163,IS3/co1/IS_III_C01_D02.jpg,58.47513976
164,IS3/co1/IS_III_C01_D03.jpg,64.15728583
165,IS3/co1/IS_III_C01_D04.jpg,40.07741316
166,IS3/co1/IS_III_C01_D05.jpg,3.701388082
167,IS3/co1/IS_III_C01_D06.jpg,33.12556842
168,IS3/co1/IS_III_C01_D07.jpg,32.48751696
169,IS3/co1/IS_III_C01_D08.jpg,36.90258082
170,IS3/co1/IS_III_C01_D09.jpg,65.77387508
171,IS3/co1/IS_III_C01_D10.jpg,6.950150699
172,IS3/co1/IS_III_C01_D11.jpg,57.6149325
173,IS3/co1/IS_III_C01_D12.jpg,41.85388637
174,IS3/co1/IS_III_C01_D13.jpg,21.41969973
175,IS3/co2/IS_III_C02_D01.jpg,60.33618946
176,IS3/co2/IS_III_C02_D02.jpg,56.6940511
177,IS3/co2/IS_III_C02_D03.jpg,46.22430944
178,IS3/co2/IS_III_C02_D04.jpg,26.39545115
179,IS3/co2/IS_III_C02_D05.jpg,13.56825815
180,IS3/co2/IS_III_C02_D06.jpg,19.33246438
181,IS3/co2/IS_III_C02_D07.jpg,28.49386924
182,IS3/co2/IS_III_C02_D08.jpg,42.08499088
183,IS3/co2/IS_III_C02_D09.jpg,51.82192342
184,IS3/co2/IS_III_C02_D10.jpg,21.33740138
185,IS3/co2/IS_III_C02_D11.jpg,37.4602621
186,IS3/co2/IS_III_C02_D12.jpg,40.50874679
187,IS3/co2/IS_III_C02_D13.jpg,42.84948495
188,IS3/co3/IS_III_C03_D01.jpg,50.32148868
189,IS3/co3/IS_III_C03_D02.jpg,48.3017324
190,IS3/co3/IS_III_C03_D03.jpg,44.64071381
191,IS3/co3/IS_III_C03_D04.jpg,9.508563476
192,IS3/co3/IS_III_C03_D05.jpg,3.650276594
193,IS3/co3/IS_III_C03_D06.jpg,4.601306381
194,IS3/co3/IS_III_C03_D07.jpg,14.73560413
195,IS3/co3/IS_III_C03_D08.jpg,23.13286132
196,IS3/co3/IS_III_C03_D09.jpg,35.92382718
197,IS3/co3/IS_III_C03_D10.jpg,5.410990174
198,IS3/co3/IS_III_C03_D11.jpg,38.82157276
199,IS3/co3/IS_III_C03_D12.jpg,20.10112784
200,IS3/co3/IS_III_C03_D13.jpg,18.8696363
201,IS3/co4/IS_III_C04_D01.jpg,78.39601768
202,IS3/co4/IS_III_C04_D02.jpg,72.29139164
203,IS3/co4/IS_III_C04_D03.jpg,79.18741556
204,IS3/co4/IS_III_C04_D04.jpg,74.37374845
205,IS3/co4/IS_III_C04_D05.jpg,53.8534514
206,IS3/co4/IS_III_C04_D06.jpg,63.23650237
207,IS3/co4/IS_III_C04_D07.jpg,68.42196181
208,IS3/co4/IS_III_C04_D08.jpg,58.08204842
209,IS3/co4/IS_III_C04_D09.jpg,70.38219405
210,IS3/co4/IS_III_C04_D10.jpg,69.79361819
211,IS3/co4/IS_III_C04_D11.jpg,75.91849423
212,IS3/co4/IS_III_C04_D12.jpg,70.69895227
213,IS3/co4/IS_III_C04_D13.jpg,76.59965787
214,IS3/co5/IS_III_C05_D01.jpg,68.70337127
215,IS3/co5/IS_III_C05_D02.jpg,65.40910035
216,IS3/co5/IS_III_C05_D03.jpg,72.31359981
217,IS3/co5/IS_III_C05_D04.jpg,36.1746031
218,IS3/co5/IS_III_C05_D05.jpg,37.67269417
219,IS3/co5/IS_III_C05_D06.jpg,43.64260808
220,IS3/co5/IS_III_C05_D07.jpg,45.71784958
221,IS3/co5/IS_III_C05_D08.jpg,66.87962919
222,IS3/co5/IS_III_C05_D09.jpg,75.98143376
223,IS3/co5/IS_III_C05_D10.jpg,35.74386643
224,IS3/co5/IS_III_C05_D11.jpg,66.61440973
225,IS3/co5/IS_III_C05_D12.jpg,56.06223635
226,IS3/co5/IS_III_C05_D13.jpg,42.95850525
227,IS3/co6/IS_III_C06_D01.jpg,76.26031556
228,IS3/co6/IS_III_C06_D02.jpg,70.16986847
229,IS3/co6/IS_III_C06_D03.jpg,78.95595234
230,IS3/co6/IS_III_C06_D04.jpg,39.77047976
231,IS3/co6/IS_III_C06_D05.jpg,38.4738629
232,IS3/co6/IS_III_C06_D06.jpg,32.97760808
233,IS3/co6/IS_III_C06_D07.jpg,57.2344439
234,IS3/co6/IS_III_C06_D08.jpg,71.01695618
235,IS3/co6/IS_III_C06_D09.jpg,72.48622838
236,IS3/co6/IS_III_C06_D10.jpg,50.87150007
237,IS3/co6/IS_III_C06_D11.jpg,81.53314918
238,IS3/co6/IS_III_C06_D12.jpg,61.91855706
239,IS3/co6/IS_III_C06_D13.jpg,51.09244277
240,IS4/co1/IS_IV_C01_D01.jpg,43.49990984
241,IS4/co1/IS_IV_C01_D02.jpg,74.29367289
242,IS4/co1/IS_IV_C01_D03.jpg,61.04882767
243,IS4/co1/IS_IV_C01_D04.jpg,16.83669634
244,IS4/co1/IS_IV_C01_D05.jpg,44.87920557
245,IS4/co1/IS_IV_C01_D06.jpg,37.2205667
246,IS4/co1/IS_IV_C01_D07.jpg,40.1416851
247,IS4/co1/IS_IV_C01_D08.jpg,13.17494921
248,IS4/co1/IS_IV_C01_D09.jpg,11.93652885
249,IS4/co1/IS_IV_C01_D10.jpg,43.3308104
250,IS4/co1/IS_IV_C01_D11.jpg,20.52176281
251,IS4/co1/IS_IV_C01_D12.jpg,-9.549063083
252,IS4/co1/IS_IV_C01_D13.jpg,61.4336263
253,IS4/co2/IS_IV_C02_D01.jpg,39.09636544
254,IS4/co2/IS_IV_C02_D02.jpg,56.92049735
255,IS4/co2/IS_IV_C02_D03.jpg,42.55916502
256,IS4/co2/IS_IV_C02_D04.jpg,25.47289123
257,IS4/co2/IS_IV_C02_D05.jpg,38.14547781
258,IS4/co2/IS_IV_C02_D06.jpg,38.62855623
259,IS4/co2/IS_IV_C02_D07.jpg,33.81017769
260,IS4/co2/IS_IV_C02_D08.jpg,28.5809656
261,IS4/co2/IS_IV_C02_D09.jpg,20.27751319
262,IS4/co2/IS_IV_C02_D10.jpg,36.15943703
263,IS4/co2/IS_IV_C02_D11.jpg,26.65229709
264,IS4/co2/IS_IV_C02_D12.jpg,32.42613051
265,IS4/co2/IS_IV_C02_D13.jpg,47.1159906
266,IS4/co3/IS_IV_C03_D01.jpg,10.71146884
267,IS4/co3/IS_IV_C03_D02.jpg,49.51327501
268,IS4/co3/IS_IV_C03_D03.jpg,39.81530324
269,IS4/co3/IS_IV_C03_D04.jpg,10.9806378
270,IS4/co3/IS_IV_C03_D05.jpg,30.41801081
271,IS4/co3/IS_IV_C03_D06.jpg,1.889750439
272,IS4/co3/IS_IV_C03_D07.jpg,20.1802347
273,IS4/co3/IS_IV_C03_D08.jpg,0.264140176
274,IS4/co3/IS_IV_C03_D09.jpg,4.940605386
275,IS4/co3/IS_IV_C03_D10.jpg,35.11767356
276,IS4/co3/IS_IV_C03_D11.jpg,9.078433889
277,IS4/co3/IS_IV_C03_D12.jpg,-4.851538522
278,IS4/co3/IS_IV_C03_D13.jpg,33.42559943
279,IS4/co4/IS_IV_C04_D01.jpg,78.61883121
280,IS4/co4/IS_IV_C04_D02.jpg,79.58509044
281,IS4/co4/IS_IV_C04_D03.jpg,71.60131548
282,IS4/co4/IS_IV_C04_D04.jpg,70.79510196
283,IS4/co4/IS_IV_C04_D05.jpg,59.66784207
284,IS4/co4/IS_IV_C04_D06.jpg,74.24006618
285,IS4/co4/IS_IV_C04_D07.jpg,69.4422565
286,IS4/co4/IS_IV_C04_D08.jpg,74.71786777
287,IS4/co4/IS_IV_C04_D09.jpg,70.46765707
288,IS4/co4/IS_IV_C04_D10.jpg,70.82122124
289,IS4/co4/IS_IV_C04_D11.jpg,75.73602518
290,IS4/co4/IS_IV_C04_D12.jpg,70.19760691
291,IS4/co4/IS_IV_C04_D13.jpg,73.03539582
292,IS4/co5/IS_IV_C05_D01.jpg,65.15314469
293,IS4/co5/IS_IV_C05_D02.jpg,71.46095145
294,IS4/co5/IS_IV_C05_D03.jpg,50.42631934
295,IS4/co5/IS_IV_C05_D04.jpg,26.70991647
296,IS4/co5/IS_IV_C05_D05.jpg,61.2970026
297,IS4/co5/IS_IV_C05_D06.jpg,70.02542899
298,IS4/co5/IS_IV_C05_D07.jpg,66.33885888
299,IS4/co5/IS_IV_C05_D08.jpg,66.09832132
300,IS4/co5/IS_IV_C05_D09.jpg,57.98018824
301,IS4/co5/IS_IV_C05_D10.jpg,66.25532491
302,IS4/co5/IS_IV_C05_D11.jpg,54.89651342
303,IS4/co5/IS_IV_C05_D12.jpg,75.85300208
304,IS4/co5/IS_IV_C05_D13.jpg,72.8957296
305,IS4/co6/IS_IV_C06_D01.jpg,52.68622106
306,IS4/co6/IS_IV_C06_D02.jpg,79.90408599
307,IS4/co6/IS_IV_C06_D03.jpg,80.30797249
308,IS4/co6/IS_IV_C06_D04.jpg,26.30687531
309,IS4/co6/IS_IV_C06_D05.jpg,65.44073857
310,IS4/co6/IS_IV_C06_D06.jpg,82.60292427
311,IS4/co6/IS_IV_C06_D07.jpg,75.77460152
312,IS4/co6/IS_IV_C06_D08.jpg,74.43186204
313,IS4/co6/IS_IV_C06_D09.jpg,46.25584444
314,IS4/co6/IS_IV_C06_D10.jpg,69.81359635
315,IS4/co6/IS_IV_C06_D11.jpg,53.90197839
316,IS4/co6/IS_IV_C06_D12.jpg,67.36693145
317,IS4/co6/IS_IV_C06_D13.jpg,77.14859142
318,IS5/co1/IS_V_C01_D01.jpg,42.09717512
319,IS5/co1/IS_V_C01_D02.jpg,75.40552392
320,IS5/co1/IS_V_C01_D03.jpg,69.39695296
321,IS5/co1/IS_V_C01_D04.jpg,39.24320353
322,IS5/co1/IS_V_C01_D05.jpg,7.901030784
323,IS5/co1/IS_V_C01_D06.jpg,50.59997503
324,IS5/co1/IS_V_C01_D07.jpg,59.49635527
325,IS5/co1/IS_V_C01_D08.jpg,16.21299441
326,IS5/co1/IS_V_C01_D09.jpg,71.35184395
327,IS5/co1/IS_V_C01_D10.jpg,8.52627035
328,IS5/co1/IS_V_C01_D11.jpg,39.23934363
329,IS5/co1/IS_V_C01_D12.jpg,20.17808783
330,IS5/co2/IS_V_C02_D01.jpg,38.52727635
331,IS5/co2/IS_V_C02_D02.jpg,62.54852792
332,IS5/co2/IS_V_C02_D03.jpg,59.15179687
333,IS5/co2/IS_V_C02_D04.jpg,25.55314228
334,IS5/co2/IS_V_C02_D05.jpg,18.21101219
335,IS5/co2/IS_V_C02_D06.jpg,30.7163902
336,IS5/co2/IS_V_C02_D07.jpg,45.59335338
337,IS5/co2/IS_V_C02_D08.jpg,37.60060774
338,IS5/co2/IS_V_C02_D09.jpg,56.73271723
339,IS5/co2/IS_V_C02_D10.jpg,27.19487868
340,IS5/co2/IS_V_C02_D11.jpg,29.85044331
341,IS5/co2/IS_V_C02_D12.jpg,44.94389127
342,IS5/co3/IS_V_C03_D01.jpg,27.26195408
343,IS5/co3/IS_V_C03_D02.jpg,51.70355081
344,IS5/co3/IS_V_C03_D03.jpg,48.79524834
345,IS5/co3/IS_V_C03_D04.jpg,20.6955052
346,IS5/co3/IS_V_C03_D05.jpg,8.534633265
347,IS5/co3/IS_V_C03_D06.jpg,20.58177916
348,IS5/co3/IS_V_C03_D07.jpg,29.16198616
349,IS5/co3/IS_V_C03_D08.jpg,17.09248001
350,IS5/co3/IS_V_C03_D09.jpg,50.81344772
351,IS5/co3/IS_V_C03_D10.jpg,4.96013897
352,IS5/co3/IS_V_C03_D11.jpg,17.78362642
353,IS5/co3/IS_V_C03_D12.jpg,10.86861769
354,IS5/co5/IS_V_C05_D01.jpg,45.9602749
355,IS5/co5/IS_V_C05_D02.jpg,83.17370163
356,IS5/co5/IS_V_C05_D03.jpg,81.74901549
357,IS5/co5/IS_V_C05_D04.jpg,24.02438303
358,IS5/co5/IS_V_C05_D05.jpg,33.26197431
359,IS5/co5/IS_V_C05_D06.jpg,69.26176967
360,IS5/co5/IS_V_C05_D07.jpg,75.79882618
361,IS5/co5/IS_V_C05_D08.jpg,32.31332802
362,IS5/co5/IS_V_C05_D09.jpg,81.5332381
363,IS5/co5/IS_V_C05_D10.jpg,23.05407117
364,IS5/co5/IS_V_C05_D11.jpg,46.41355048
365,IS5/co5/IS_V_C05_D12.jpg,49.01237033
366,IS5/co6/IS_V_C06_D01.jpg,62.45561712
367,IS5/co6/IS_V_C06_D02.jpg,80.72389614
368,IS5/co6/IS_V_C06_D03.jpg,82.67039139
369,IS5/co6/IS_V_C06_D04.jpg,32.47051258
370,IS5/co6/IS_V_C06_D05.jpg,35.30363892
371,IS5/co6/IS_V_C06_D06.jpg,84.43955852
372,IS5/co6/IS_V_C06_D07.jpg,74.18347319
373,IS5/co6/IS_V_C06_D08.jpg,69.99560646
374,IS5/co6/IS_V_C06_D09.jpg,86.3881449
375,IS5/co6/IS_V_C06_D10.jpg,45.28670029
376,IS5/co6/IS_V_C06_D11.jpg,59.50607227
377,IS5/co6/IS_V_C06_D12.jpg,47.36425015
378,IS5/co8/IS_V_C08_D01.jpg,39.65242889
379,IS5/co8/IS_V_C08_D02.jpg,80.51092385
380,IS5/co8/IS_V_C08_D03.jpg,64.14188411
381,IS5/co8/IS_V_C08_D04.jpg,34.82728842
382,IS5/co8/IS_V_C08_D05.jpg,4.759990587
383,IS5/co8/IS_V_C08_D06.jpg,36.47540985
384,IS5/co8/IS_V_C08_D07.jpg,55.51906998
385,IS5/co8/IS_V_C08_D08.jpg,23.74615208
386,IS5/co8/IS_V_C08_D09.jpg,63.24047875
387,IS5/co8/IS_V_C08_D10.jpg,21.5572866
388,IS5/co8/IS_V_C08_D11.jpg,37.32081531
389,IS5/co8/IS_V_C08_D12.jpg,28.95073939
390,IS6/co1/IS_VI_C01_D01.jpg,3.192850704
391,IS6/co1/IS_VI_C01_D02.jpg,52.79720651
392,IS6/co1/IS_VI_C01_D03.jpg,1.253204148
393,IS6/co1/IS_VI_C01_D04.jpg,64.62754899
394,IS6/co1/IS_VI_C01_D05.jpg,29.96697976
395,IS6/co1/IS_VI_C01_D06.jpg,58.22952845
396,IS6/co1/IS_VI_C01_D07.jpg,64.78111065
397,IS6/co1/IS_VI_C01_D08.jpg,49.68576189
398,IS6/co1/IS_VI_C01_D09.jpg,50.70736079
399,IS6/co1/IS_VI_C01_D10.jpg,58.5881112
400,IS6/co1/IS_VI_C01_D11.jpg,65.01549085
401,IS6/co1/IS_VI_C01_D12.jpg,38.07158261
402,IS6/co1/IS_VI_C01_D13.jpg,41.73208722
403,IS6/co1/IS_VI_C01_D14.jpg,0.455933603
404,IS6/co2/IS_VI_C02_D01.jpg,15.29940442
405,IS6/co2/IS_VI_C02_D02.jpg,50.60322191
406,IS6/co2/IS_VI_C02_D03.jpg,33.13377042
407,IS6/co2/IS_VI_C02_D04.jpg,46.03849052
408,IS6/co2/IS_VI_C02_D05.jpg,29.36740507
409,IS6/co2/IS_VI_C02_D06.jpg,52.3542601
410,IS6/co2/IS_VI_C02_D07.jpg,52.47195627
411,IS6/co2/IS_VI_C02_D08.jpg,40.75408654
412,IS6/co2/IS_VI_C02_D09.jpg,43.64311857
413,IS6/co2/IS_VI_C02_D10.jpg,47.24203263
414,IS6/co2/IS_VI_C02_D11.jpg,47.23021101
415,IS6/co2/IS_VI_C02_D12.jpg,40.55487094
416,IS6/co2/IS_VI_C02_D13.jpg,35.06736694
417,IS6/co2/IS_VI_C02_D14.jpg,14.77592017
418,IS6/co3/IS_VI_C03_D01.jpg,1.960706133
419,IS6/co3/IS_VI_C03_D02.jpg,23.26579268
420,IS6/co3/IS_VI_C03_D03.jpg,2.278240309
421,IS6/co3/IS_VI_C03_D04.jpg,33.72656539
422,IS6/co3/IS_VI_C03_D05.jpg,11.42410047
423,IS6/co3/IS_VI_C03_D06.jpg,17.08407297
424,IS6/co3/IS_VI_C03_D07.jpg,38.82461444
425,IS6/co3/IS_VI_C03_D08.jpg,23.74064573
426,IS6/co3/IS_VI_C03_D09.jpg,27.05530194
427,IS6/co3/IS_VI_C03_D10.jpg,30.53280775
428,IS6/co3/IS_VI_C03_D11.jpg,28.83262012
429,IS6/co3/IS_VI_C03_D12.jpg,22.6425882
430,IS6/co3/IS_VI_C03_D13.jpg,25.09725097
431,IS6/co3/IS_VI_C03_D14.jpg,2.50487765
432,IS6/co6/IS_VI_C06_D01.jpg,29.8378692
433,IS6/co6/IS_VI_C06_D02.jpg,69.34863993
434,IS6/co6/IS_VI_C06_D03.jpg,46.24860205
435,IS6/co6/IS_VI_C06_D04.jpg,78.17021748
436,IS6/co6/IS_VI_C06_D05.jpg,64.8054441
437,IS6/co6/IS_VI_C06_D06.jpg,78.83421709
438,IS6/co6/IS_VI_C06_D07.jpg,84.14365235
439,IS6/co6/IS_VI_C06_D08.jpg,83.1000445
440,IS6/co6/IS_VI_C06_D09.jpg,63.93530491
441,IS6/co6/IS_VI_C06_D10.jpg,87.88207124
442,IS6/co6/IS_VI_C06_D11.jpg,74.8499794
443,IS6/co6/IS_VI_C06_D12.jpg,79.56028077
444,IS6/co6/IS_VI_C06_D13.jpg,78.0896654
445,IS6/co6/IS_VI_C06_D14.jpg,47.79259397
446,IS6/co7/IS_VI_C07_D01.jpg,1.67371811
447,IS6/co7/IS_VI_C07_D02.jpg,26.04571724
448,IS6/co7/IS_VI_C07_D03.jpg,2.635896115
449,IS6/co7/IS_VI_C07_D04.jpg,34.77768264
450,IS6/co7/IS_VI_C07_D05.jpg,27.38090193
451,IS6/co7/IS_VI_C07_D06.jpg,34.05700229
452,IS6/co7/IS_VI_C07_D07.jpg,47.23644922
453,IS6/co7/IS_VI_C07_D08.jpg,35.1363205
454,IS6/co7/IS_VI_C07_D09.jpg,27.06430677
455,IS6/co7/IS_VI_C07_D10.jpg,42.63111448
456,IS6/co7/IS_VI_C07_D11.jpg,33.28059429
457,IS6/co7/IS_VI_C07_D12.jpg,38.6190277
458,IS6/co7/IS_VI_C07_D13.jpg,36.32252314
459,IS6/co7/IS_VI_C07_D14.jpg,15.98633917
460,IS6/co8/IS_VI_C08_D01.jpg,12.77177345
461,IS6/co8/IS_VI_C08_D02.jpg,53.77306607
462,IS6/co8/IS_VI_C08_D03.jpg,29.60191715
463,IS6/co8/IS_VI_C08_D04.jpg,58.55026784
464,IS6/co8/IS_VI_C08_D05.jpg,39.58178989
465,IS6/co8/IS_VI_C08_D06.jpg,54.17620116
466,IS6/co8/IS_VI_C08_D07.jpg,66.97423063
467,IS6/co8/IS_VI_C08_D08.jpg,64.9616883
468,IS6/co8/IS_VI_C08_D09.jpg,29.93269701
469,IS6/co8/IS_VI_C08_D10.jpg,66.03559217
470,IS6/co8/IS_VI_C08_D11.jpg,40.33472937
471,IS6/co8/IS_VI_C08_D12.jpg,68.166866
472,IS6/co8/IS_VI_C08_D13.jpg,50.25414987
473,IS6/co8/IS_VI_C08_D14.jpg,10.48096953
